<?xml version="1.0" encoding="UTF-8"?>
<Configuration>

    <Properties>

        <Property name="filename">./cloud_application.log</Property>
        <Property name="filepattern">cloud_application-%d{MM-dd-yyyy}-%i.log</Property>

    </Properties>

    <Appenders>
        <Console name="Console" target="SYSTEM_OUT">
            <PatternLayout pattern="%-5level [%t] - %msg%n"/>
        </Console>

        <RollingFile name ="MainLoggingFile" fileName="${filename}"
                     filePattern = "../logs/${filepattern}">

            <PatternLayout>
                <Pattern>%d [%X{requestIdentifier}] [%t] %-5p -%m\n</Pattern>
            </PatternLayout>

            <Policies>
                <onStartupTriggeringPolicy />
                <TimeBasedTriggeringPolicy />
                <SizeBasedTriggeringPolicy size = "25 MB"/>
            </Policies>

            <DefaultRolloverStrategy fileIndex="nomax">
                <Delete basePath="../logs/rolledup">
                    <IfFileName glob="cloud_application-*-*.log">
                        <IfLastModified age="40d" />
                    </IfFileName>
                </Delete>
            </DefaultRolloverStrategy>
        </RollingFile>
    </Appenders>

    <Loggers>
        <Logger name="org.springramework.web" level="INFO" additivity="false">
            <AppenderRef ref="Console"/>
            <AppenderRef ref="MainLoggingFile"/>
        </Logger>

        <Logger name="com.csye6225.application.console" level="ERROR">
            <AppenderRef ref="Console"/>
            <AppenderRef ref="MainLoggingFile"/>
        </Logger>

        <Logger name="com.csye6225.application" level="INFO" additivity="false">
            <AppenderRef ref="Console"/>
            <AppenderRef ref="MainLoggingFile"/>
        </Logger>
    </Loggers>

</Configuration>